UID,Country_code,County_code,ID,Area_name,Area_ID,Point,Point_lat,Point_long,Method,Distance,x,y
TWN8_00001,TWN,8,1,五甲人工魚礁區禁漁區,22,A,24°24'00",120°33'24",半徑,926,120.5566667,24.4
TWN8_00002,TWN,8,2,松柏人工魚礁區禁漁區,23,A,24°26'09",120°34'48",半徑,926,120.58,24.43583333
TWN8_00003,TWN,8,3,台中港(一)人工魚礁區禁漁區,24,A,24°15'12",120°25'00",半徑,926,120.4166667,24.25333333
TWN8_00004,TWN,8,4,台中港(二)人工魚礁區禁漁區,25,A,24°12'12",120°22'30",半徑,926,120.375,24.20333333
TWN8_00005,TWN,8,5,大安(一)保護礁禁漁區,26,A,24°23'12",120°33'00",ABCD內,n/a,120.55,24.38666667
TWN8_00006,TWN,8,6,大安(一)保護礁禁漁區,26,B,24°23'42",120°32'12",ABCD內,n/a,120.5366667,24.395
TWN8_00007,TWN,8,7,大安(一)保護礁禁漁區,26,C,24°22'54",120°31'36",ABCD內,n/a,120.5266667,24.38166667
TWN8_00008,TWN,8,8,大安(一)保護礁禁漁區,26,D,24°22'24",120°32'30",ABCD內,n/a,120.5416667,24.37333333
TWN8_00009,TWN,8,9,大安(二)保護礁禁漁區,27,A,24°23'12",120°32'50",ABCD內,n/a,120.5472222,24.38666667
TWN8_00010,TWN,8,10,大安(二)保護礁禁漁區,27,B,24°23'36",120°33'24",ABCD內,n/a,120.5566667,24.39333333
TWN8_00011,TWN,8,11,大安(二)保護礁禁漁區,27,C,24°22'36",120°33'36",ABCD內,n/a,120.56,24.37666667
TWN8_00012,TWN,8,12,大安(二)保護礁禁漁區,27,D,24°22'12",120°33'12",ABCD內,n/a,120.5533333,24.37
TWN8_00013,TWN,8,13,大甲保護礁禁漁區,28,A,24°25'30",120°34'48",ABCD內,n/a,120.58,24.425
TWN8_00014,TWN,8,14,大甲保護礁禁漁區,28,B,24°25'30",120°34'00",ABCD內,n/a,120.5666667,24.425
TWN8_00015,TWN,8,15,大甲保護礁禁漁區,28,C,24°25'00",120°33'48",ABCD內,n/a,120.5633333,24.41666667
TWN8_00016,TWN,8,16,大甲保護礁禁漁區,28,D,24°25'00",120°34'30",ABCD內,n/a,120.575,24.41666667
TWN17_00001,TWN,17,1,台東縣綠島鄉沿岸海域,32,A,22°41'16,121°28'48,半徑,926,121.48,22.68777778
TWN17_00002,TWN,17,2,台東縣綠島鄉沿岸海域,33,A,22°38'33,121°28'31,半徑,926,121.4752778,22.6425
TWN17_00003,TWN,17,3,台東縣沿岸海域,35,A,23°15'30,121°26'00,半徑,926,121.4333333,23.25833333
TWN17_00004,TWN,17,4,台東縣沿岸海域,36,A,23°12'00,121°25'00,半徑,926,121.4166667,23.2
TWN17_00005,TWN,17,5,台東縣沿岸海域,37,A,23°10'00,121°24'30,半徑,926,121.4083333,23.16666667
TWN17_00006,TWN,17,6,台東縣沿岸海域,38,A,22°18'00,121°54'00,AB線左右,1000,121.9,22.3
TWN17_00007,TWN,17,7,台東縣沿岸海域,38,B,22°19'48,121°54'24,AB線左右,1000,121.9066667,22.33
TWN17_00008,TWN,17,8,台東縣沿岸海域,39,A,22°19'48,120°54'24,AB線左右,1000,120.9066667,22.33
TWN17_00009,TWN,17,9,台東縣沿岸海域,39,B,22°21'12,120°54'50,AB線左右,1000,120.9138889,22.35333333
TWN17_00010,TWN,17,10,台東縣沿岸海域,40,A,22°20'24,120°56'00,AB線左右,1000,120.9333333,22.34
TWN17_00011,TWN,17,11,台東縣沿岸海域,40,B,22°19'00,120°56'00,AB線左右,1000,120.9333333,22.31666667
TWN17_00012,TWN,17,12,台東縣成功鎮沿岸海域,42,A,23°12'20.7,121°23'47.4,AB以南，CD以北,200,121.3965,23.20575
TWN17_00013,TWN,17,13,台東縣成功鎮沿岸海域,42,B,23°12'19.2,121°23'54.1,AB以南，CD以北,200,121.3983611,23.20533333
TWN17_00014,TWN,17,14,台東縣成功鎮沿岸海域,42,C,23°11'22.9,121°23'51.2,AB以南，CD以北,200,121.3975556,23.18969444
TWN17_00015,TWN,17,15,台東縣成功鎮沿岸海域,42,D,23°11'23.9,121°23'58.1,AB以南，CD以北,200,121.3994722,23.18997222
TWN17_00016,TWN,17,16,台東縣成功鎮沿岸海域,43,A,23°10'11.9,121°24'16.2,AB以南，CD以北,200,121.4045,23.16997222
TWN17_00017,TWN,17,17,台東縣成功鎮沿岸海域,43,B,23°10'15.2,121°24'22.3,AB以南，CD以北,200,121.4061944,23.17088889
TWN17_00018,TWN,17,18,台東縣成功鎮沿岸海域,43,C,23°09'30.6,121°24'18,AB以南，CD以北,200,121.405,23.1585
TWN17_00019,TWN,17,19,台東縣成功鎮沿岸海域,43,D,23°09'27.4,121°24'24,AB以南，CD以北,200,121.4066667,23.15761111
TWN17_00020,TWN,17,20,台東縣成功鎮沿岸海域,44,A,23°01'12.6,121°20'10.3,AB以南，CD以北,200,121.3361944,23.02016667
TWN17_00021,TWN,17,21,台東縣成功鎮沿岸海域,44,B,23°01'14.1,121°20'17.1,AB以南，CD以北,200,121.3380833,23.02058333
TWN17_00022,TWN,17,22,台東縣成功鎮沿岸海域,44,C,22°59'58.6,121°19'16.3,AB以南，CD以北,200,121.3211944,22.99961111
TWN17_00023,TWN,17,23,台東縣成功鎮沿岸海域,44,D,22°59'58,121°19'23.4,AB以南，CD以北,200,121.3231667,22.99944444
TWN17_00024,TWN,17,24,柴口浮潛區潛水步道西約400公尺(A1)起至柴口浮潛區潛水步道東約100公尺(A3)間，由A1至A2連線以東，A3至A4連線以西，自平均高潮線向外海延伸至相對於平均低潮線向外海延伸約100公尺沿岸水域,45,A,22°40'30.3,121°28'44.0,ABCD內,n/a,121.4788889,22.67508333
TWN17_00025,TWN,17,25,柴口浮潛區潛水步道西約400公尺(A1)起至柴口浮潛區潛水步道東約100公尺(A3)間，由A1至A2連線以東，A3至A4連線以西，自平均高潮線向外海延伸至相對於平均低潮線向外海延伸約100公尺沿岸水域,45,B,22°40'37.1,121°28'45.7,ABCD內,n/a,121.4793611,22.67697222
TWN17_00026,TWN,17,26,柴口浮潛區潛水步道西約400公尺(A1)起至柴口浮潛區潛水步道東約100公尺(A3)間，由A1至A2連線以東，A3至A4連線以西，自平均高潮線向外海延伸至相對於平均低潮線向外海延伸約100公尺沿岸水域,45,C,22°40'38.2,121°29'01.0,ABCD內,n/a,121.4836111,22.67727778
TWN17_00027,TWN,17,27,柴口浮潛區潛水步道西約400公尺(A1)起至柴口浮潛區潛水步道東約100公尺(A3)間，由A1至A2連線以東，A3至A4連線以西，自平均高潮線向外海延伸至相對於平均低潮線向外海延伸約100公尺沿岸水域,45,D,22°40'44.0,121°28'56.1,ABCD內,n/a,121.48225,22.67888889
TWN17_00028,TWN,17,28,南寮漁港-南方防波堤(B1)起至石朗浮潛區潛水步道-南約300公尺(B8)間，由B1至B8連線所圍之海域。B4至B5連線距離平均高潮線約290公尺,46,A,22°39'33.2,121°28'27.4,A至H線,300,121.4742778,22.65922222
TWN17_00029,TWN,17,29,南寮漁港-南方防波堤(B1)起至石朗浮潛區潛水步道-南約300公尺(B8)間，由B1至B8連線所圍之海域。B4至B5連線距離平均高潮線約290公尺,46,B,22°39'33.1,121°28'24.2,A至H線,300,121.4733889,22.65919444
TWN17_00030,TWN,17,30,南寮漁港-南方防波堤(B1)起至石朗浮潛區潛水步道-南約300公尺(B8)間，由B1至B8連線所圍之海域。B4至B5連線距離平均高潮線約290公尺,46,C,22°39'28.4,121°28'24.2,A至H線,300,121.4733889,22.65788889
TWN17_00031,TWN,17,31,南寮漁港-南方防波堤(B1)起至石朗浮潛區潛水步道-南約300公尺(B8)間，由B1至B8連線所圍之海域。B4至B5連線距離平均高潮線約290公尺,46,D,22°39'26.8,121°28'18.2,A至H線,300,121.4717222,22.65744444
TWN17_00032,TWN,17,32,南寮漁港-南方防波堤(B1)起至石朗浮潛區潛水步道-南約300公尺(B8)間，由B1至B8連線所圍之海域。B4至B5連線距離平均高潮線約290公尺,46,E,22°39'23.8,121°28'18.2,A至H線,300,121.4717222,22.65661111
TWN17_00033,TWN,17,33,南寮漁港-南方防波堤(B1)起至石朗浮潛區潛水步道-南約300公尺(B8)間，由B1至B8連線所圍之海域。B4至B5連線距離平均高潮線約290公尺,46,F,22°39'22.2,121°28'22.3,A至H線,300,121.4728611,22.65616667
TWN17_00034,TWN,17,34,南寮漁港-南方防波堤(B1)起至石朗浮潛區潛水步道-南約300公尺(B8)間，由B1至B8連線所圍之海域。B4至B5連線距離平均高潮線約290公尺,46,G,22°39'08.2,121°28'22.3,A至H線,300,121.4728611,22.65227778
TWN17_00035,TWN,17,35,南寮漁港-南方防波堤(B1)起至石朗浮潛區潛水步道-南約300公尺(B8)間，由B1至B8連線所圍之海域。B4至B5連線距離平均高潮線約290公尺,46,H,22°39'07.9,121°28'28.1,A至H線,300,121.4744722,22.65219444
TWN17_00036,TWN,17,36,大哥隧道-北向入口(C1)起至大白沙潛水步道(C3)間，由C1至C2連線以南，C3至C4連線以北，自平均高潮線向外海延伸至相對於平均低潮線向外海延伸約500公尺沿岸水域,47,A,22°38'33.5,121°29'17.8,AB以南，CD以北,n/a,121.4882778,22.64263889
TWN17_00037,TWN,17,37,大哥隧道-北向入口(C1)起至大白沙潛水步道(C3)間，由C1至C2連線以南，C3至C4連線以北，自平均高潮線向外海延伸至相對於平均低潮線向外海延伸約500公尺沿岸水域,47,B,22°38'18.9,121°29'06.2,AB以南，CD以北,n/a,121.4850556,22.63858333
TWN17_00038,TWN,17,38,大哥隧道-北向入口(C1)起至大白沙潛水步道(C3)間，由C1至C2連線以南，C3至C4連線以北，自平均高潮線向外海延伸至相對於平均低潮線向外海延伸約500公尺沿岸水域,47,C,22°38'21.5,121°29'34.8,AB以南，CD以北,n/a,121.493,22.63930556
TWN17_00039,TWN,17,39,大哥隧道-北向入口(C1)起至大白沙潛水步道(C3)間，由C1至C2連線以南，C3至C4連線以北，自平均高潮線向外海延伸至相對於平均低潮線向外海延伸約500公尺沿岸水域,47,D,22°38'13.7,121°29'16.2,AB以南，CD以北,n/a,121.4878333,22.63713889
TWN17_00040,TWN,17,40,北起A點南至E點之沿岸平均高潮線向外海延伸約500公尺，與B、D、F三點所圍成之海域；另以C、D點為分界，北為永續使用區，南為核心區,49,A,22°50'46.6,121°11'20.9,n/a,n/a,121.1891389,22.84627778
TWN17_00041,TWN,17,41,北起A點南至E點之沿岸平均高潮線向外海延伸約500公尺，與B、D、F三點所圍成之海域；另以C、D點為分界，北為永續使用區，南為核心區,49,B,22°50'45.6,121°11'38.5,n/a,n/a,121.1940278,22.846
TWN17_00042,TWN,17,42,北起A點南至E點之沿岸平均高潮線向外海延伸約500公尺，與B、D、F三點所圍成之海域；另以C、D點為分界，北為永續使用區，南為核心區,49,C,22°50'18.9,121°11'18.5,n/a,n/a,121.1884722,22.83858333
TWN17_00043,TWN,17,43,北起A點南至E點之沿岸平均高潮線向外海延伸約500公尺，與B、D、F三點所圍成之海域；另以C、D點為分界，北為永續使用區，南為核心區,49,D,22°50'17.1,121°11'36.0,n/a,n/a,121.1933333,22.83808333
TWN17_00044,TWN,17,44,北起A點南至E點之沿岸平均高潮線向外海延伸約500公尺，與B、D、F三點所圍成之海域；另以C、D點為分界，北為永續使用區，南為核心區,49,E,22°50'02.8,121°11'08.4,n/a,n/a,121.1856667,22.83411111
TWN17_00045,TWN,17,45,北起A點南至E點之沿岸平均高潮線向外海延伸約500公尺，與B、D、F三點所圍成之海域；另以C、D點為分界，北為永續使用區，南為核心區,49,F,22°49'58.4,121°11'25.5,n/a,n/a,121.1904167,22.83288889
TWN14_00001,TWN,14,1,安平(一)人工魚礁禁漁區,50,A,22°55'00,120°06'52,半徑,1000,120.1144444,22.91666667
TWN14_00002,TWN,14,2,安平(二)人工魚礁禁漁區,51,A,22°55'00,120°05'24,半徑,1000,120.09,22.91666667
TWN14_00003,TWN,14,3,安平(三)人工魚礁禁漁區,52,A,22°54'00,120°06'30,半徑,1000,120.1083333,22.9
TWN14_00004,TWN,14,4,安平(五)人工魚礁禁漁區,53,A,22°56'54,120°03'54,半徑,1000,120.065,22.94833333
TWN14_00005,TWN,14,5,喜樹保護礁禁漁區,54,A,22°56'00,120°07'00,AB線左右,500,120.1166667,22.93333333
TWN14_00006,TWN,14,6,喜樹保護礁禁漁區,54,B,22°56'24,120°09'24,AB線左右,500,120.1566667,22.94
TWN14_00007,TWN,14,7,鹽水溪口保護礁禁漁區,55,A,22°58'48,120°05'24,AB線左右,500,120.09,22.98
TWN14_00008,TWN,14,8,鹽水溪口保護礁禁漁區,55,B,22°59'48,120°07'12,AB線左右,500,120.12,22.99666667
TWN14_00009,TWN,14,9,鹿耳門溪口保護礁禁漁區,56,A,22°59'48,120°04'36,AB線左右,500,120.0766667,22.99666667
TWN14_00010,TWN,14,10,鹿耳門溪口保護礁禁漁區,56,B,23°00'36,120°06'12,AB線左右,500,120.1033333,23.01
TWN14_00011,TWN,14,11,灣裡保護礁禁漁區,57,A,22°55'00,120°07'24,AB線左右,500,120.1233333,22.91666667
TWN14_00012,TWN,14,12,灣裡保護礁禁漁區,57,B,22°55'00,120°09'24,AB線左右,500,120.1566667,22.91666667
TWN14_00013,TWN,14,13,曾文溪口保護礁禁漁區,58,A,23°01'00',;120°02'12',AB線左右,500,n/a,23.01666667
TWN14_00014,TWN,14,14,曾文溪口保護礁禁漁區,58,B,23°02'30',;120°03'48',AB線左右,500,n/a,23.04166667
TWN14_00015,TWN,14,15,安平保護礁禁漁區,59,A,22°57'36,120°05'48,AB線左右,500,120.0966667,22.96
TWN14_00016,TWN,14,16,安平保護礁禁漁區,59,B,23°00'48,120°01'48,AB線左右,500,120.03,23.01333333
TWN19_00001,TWN,19,1,竹安魚礁禁漁區,1,A,24°50.6',121°49.6',AB線左右,100,121.8266667,24.84333333
TWN19_00002,TWN,19,2,竹安魚礁禁漁區,1,B,24°48.2',121°48.8',AB線左右,100,121.8133333,24.80333333
TWN19_00003,TWN,19,3,蘭陽保護礁區,2,A,24°48.2',121°48.8',AB線左右,100,121.8133333,24.80333333
TWN19_00004,TWN,19,4,蘭陽保護礁區,2,B,24°37',121°51.82',AB線左右,100,121.8636667,24.61666667
TWN19_00005,TWN,19,5,南澳人工魚礁禁漁區,6,A,24°25'30,121°47'36,半徑,926,121.7933333,24.425
TWN19_00006,TWN,19,6,漢本人工魚礁禁漁區,7,A,24°21'36,121°46'36,半徑,926,121.7766667,24.36
TWN19_00007,TWN,19,7,大里人工魚礁禁漁區,8,A,24°57'06,121°54'48,半徑,926,121.9133333,24.95166667
TWN19_00008,TWN,19,8,東澳保護魚礁禁漁區,9,A,24°30'16,121°51'39,AB線左右,1000,121.8608333,24.50444444
TWN19_00009,TWN,19,9,東澳保護魚礁禁漁區,9,B,24°29'08,121°51'5,AB線左右,1000,121.8513889,24.48555556
TWN19_00010,TWN,19,10,宜蘭保護魚礁禁漁區,10,A,24°58'58.8,121°57'36.5,AB線向外,6000,121.9601389,24.983
TWN19_00011,TWN,19,11,宜蘭保護魚礁禁漁區,10,B,24°19'10.8,121°46'25.0,AB線向外,6000,121.7736111,24.31966667
TWN19_00012,TWN,19,12,石城人工魚礁禁漁區,11,A,24°57.466',121°56.548',半徑,1000,121.9424667,24.95776667
TWN19_00013,TWN,19,13,石城海洋牧場禁漁區,12,A,24°59',121°57.4',AB線向外,n/a,121.9566667,24.98333333
TWN19_00014,TWN,19,14,石城海洋牧場禁漁區,12,B,24°57.2',121°55.7,AB線向外,n/a,121.9283333,24.95333333
TWN19_00015,TWN,19,15,東澳海洋牧場禁漁區,13,A,24°31.4',121°51.1',AB線向外至海岸高潮帶水域均屬之。,n/a,121.8516667,24.52333333
TWN19_00016,TWN,19,16,東澳海洋牧場禁漁區,13,B,24°30',121°50.8',AB線向外至海岸高潮帶水域均屬之。,n/a,121.8466667,24.5
TWN19_00017,TWN,19,17,東澳人工魚礁禁漁區,15,A,24°30.300',121°51.200',半徑,926,121.8533333,24.505
TWN19_00018,TWN,19,18,宜蘭縣海域_A,18,A,24°54.00',121°59.00',ABCD內,n/a,121.9833333,24.9
TWN19_00019,TWN,19,19,宜蘭縣海域_A,18,B,24°54.00',122°02.00',ABCD內,n/a,122.0333333,24.9
TWN19_00020,TWN,19,20,宜蘭縣海域_A,18,C,24°49.00',122°02.00',ABCD內,n/a,122.0333333,24.81666667
TWN19_00021,TWN,19,21,宜蘭縣海域_A,18,D,24°49.00',121°59.00',ABCD內,n/a,121.9833333,24.81666667
TWN19_00022,TWN,19,22,宜蘭縣海域_B,19,A,24°49.00',121°54.00',ABCD內,n/a,121.9,24.81666667
TWN19_00023,TWN,19,23,宜蘭縣海域_B,19,B,24°49.00',122°05.00',ABCD內,n/a,122.0833333,24.81666667
TWN19_00024,TWN,19,24,宜蘭縣海域_B,19,C,24°45.00',122°05.00',ABCD內,n/a,122.0833333,24.75
TWN19_00025,TWN,19,25,宜蘭縣海域_B,19,D,24°45.00',121°54.00',ABCD內,n/a,121.9,24.75
TWN19_00026,TWN,19,26,宜蘭縣海域_C,20,A,24°54.00',121°54.00',ABCD內,n/a,121.9,24.9
TWN19_00027,TWN,19,27,宜蘭縣海域_C,20,B,24°52.00',121°54.00',ABCD內,n/a,121.9,24.86666667
TWN19_00028,TWN,19,28,宜蘭縣海域_C,20,C,24°52.00',121°59.00',ABCD內,n/a,121.9833333,24.86666667
TWN19_00029,TWN,19,29,宜蘭縣海域_C,20,D,24°54.00',121°59.00',ABCD內,n/a,121.9833333,24.9
TWN18_00001,TWN,18,1,花蓮縣海域,65,A,24°11'49,121°39'33,半徑,926,121.6591667,24.19694444
TWN18_00002,TWN,18,2,花蓮縣海域,66,A,24°05'30,121°37'10,半徑,926,121.6194444,24.09166667
TWN18_00003,TWN,18,3,花蓮縣海域,67,A,23°40'00,121°33'00,半徑,926,121.55,23.66666667
TWN18_00004,TWN,18,4,花蓮縣海域,68,A,23°29'18,121°30'18,半徑,926,121.505,23.48833333
TWN18_00005,TWN,18,5,花蓮縣海域,69,A,23°43'30,121°33'30,AB線左右,1000,121.5583333,23.725
TWN18_00006,TWN,18,6,花蓮縣海域,69,B,23°44'00,121°33'48,AB線左右,1000,121.5633333,23.73333333
TWN18_00007,TWN,18,7,花蓮縣奇萊鼻海域,71,A,24°00'36,121°39'26,半徑,926,121.6572222,24.01
TWN18_00008,TWN,18,8,花蓮縣鹽寮海域,72,A,23°50'00,121°36'00,半徑,926,121.6,23.83333333
TWN18_00009,TWN,18,9,花蓮縣海域,73,A,121°41.58',121°41.58',半徑,900,121.693,121.693
TWN18_00010,TWN,18,10,花蓮縣海域,74,A,24°11.76',121°41.46',半徑,900,121.691,24.196
TWN18_00011,TWN,18,11,花蓮縣海域,76,A,23°53'07.5,121°36'12.5,AB以南， CD以北,200,121.6034722,23.88541667
TWN18_00012,TWN,18,12,花蓮縣海域,76,B,23°53'07.5,121°36'19.6,AB以南， CD以北,200,121.6054444,23.88541667
TWN18_00013,TWN,18,13,花蓮縣海域,76,C,23°51'36.9,121°35'51.8,AB以南， CD以北,200,121.5977222,23.86025
TWN18_00014,TWN,18,14,花蓮縣海域,76,D,23°51'36.9,121°35'58.9,AB以南， CD以北,200,121.5996944,23.86025
TWN18_00015,TWN,18,15,花蓮縣海域,77,A,23°43'29.4,121°33'23.6,AB以南， CD以北,200,121.5565556,23.72483333
TWN18_00016,TWN,18,16,花蓮縣海域,77,B,23°43'29.4,121°33'30.7,AB以南， CD以北,200,121.5585278,23.72483333
TWN18_00017,TWN,18,17,花蓮縣海域,77,C,23°43'00.6,121°32'57.9,AB以南， CD以北,200,121.5494167,23.71683333
TWN18_00018,TWN,18,18,花蓮縣海域,77,D,23°43'00.6,121°33'04.9,AB以南， CD以北,200,121.5513611,23.71683333
TWN18_00019,TWN,18,19,花蓮縣海域,78,A,23°41'03.5,121°32'52.7,AB以南， CD以北,200,121.5479722,23.68430556
TWN18_00020,TWN,18,20,花蓮縣海域,78,B,23°41'03.5,121°32'59.8,AB以南， CD以北,200,121.5499444,23.68430556
TWN18_00021,TWN,18,21,花蓮縣海域,78,C,23°40'23.9,121°32'47.3,AB以南， CD以北,200,121.5464722,23.67330556
TWN18_00022,TWN,18,22,花蓮縣海域,78,D,23°40'23.9,121°32'54.3,AB以南， CD以北,200,121.5484167,23.67330556
TWN18_00023,TWN,18,23,花蓮縣海域,79,A,23°38'59.6,121°32'10.8,AB以南， CD以北,200,121.5363333,23.64988889
TWN18_00024,TWN,18,24,花蓮縣海域,79,B,23°38'59.6,121°32'17.8,AB以南， CD以北,200,121.5382778,23.64988889
TWN18_00025,TWN,18,25,花蓮縣海域,79,C,23°38'06.8,121°31'57.8,AB以南， CD以北,200,121.5327222,23.63522222
TWN18_00026,TWN,18,26,花蓮縣海域,79,D,23°38'06.8,121°32'04.9,AB以南， CD以北,200,121.5346944,23.63522222
TWN18_00027,TWN,18,27,花蓮縣海域,80,A,23°32'58.4,121°30'37.0,AB以南， CD以北,200,121.5102778,23.54955556
TWN18_00028,TWN,18,28,花蓮縣海域,80,B,23°32'58.4,121°30'44.1,AB以南， CD以北,200,121.51225,23.54955556
TWN18_00029,TWN,18,29,花蓮縣海域,80,C,23°29'02.3,121°30'44.3,AB以南， CD以北,200,121.5123056,23.48397222
TWN18_00030,TWN,18,30,花蓮縣海域,80,D,23°29'02.3,121°30'51.4,AB以南， CD以北,200,121.5142778,23.48397222
TWN18_00031,TWN,18,31,花蓮縣海域,81,A,23°28'50.0,121°30'33.8,AB以南， CD以北,200,121.5093889,23.48055556
TWN18_00032,TWN,18,32,花蓮縣海域,81,B,23°28'50.0,121°30'40.9,AB以南， CD以北,200,121.5113611,23.48055556
TWN18_00033,TWN,18,33,花蓮縣海域,81,C,23°28'10.7,121°30'16.0,AB以南， CD以北,200,121.5044444,23.46963889
TWN18_00034,TWN,18,34,花蓮縣海域,81,D,23°28'10.7,121°30'23.1,AB以南， CD以北,200,121.5064167,23.46963889
TWN21_00001,TWN,21,1,n/a,82,A,24°23.36',118°28.51',半徑,500,118.4751667,24.38933333
TWN21_00002,TWN,21,2,古寧頭潮間帶水域由A、B、C、D四點所圍成的區域,83,A,24°28'14.9",118°17'19.5",ABCD內,n/a,118.28875,24.47080556
TWN21_00003,TWN,21,3,古寧頭潮間帶水域由A、B、C、D四點所圍成的區域,83,B,24°28'44.4",118°19'38.8",ABCD內,n/a,118.3274444,24.479
TWN21_00004,TWN,21,4,古寧頭潮間帶水域由A、B、C、D四點所圍成的區域,83,C,24°29'49.4",118°19'38.8",ABCD內,n/a,118.3274444,24.49705556
TWN21_00005,TWN,21,5,古寧頭潮間帶水域由A、B、C、D四點所圍成的區域,83,D,24°29'19.9",118°17'19.5",ABCD內,n/a,118.28875,24.48886111
TWN16_00001,TWN,16,1,屏東縣車城外海,91,A,22°07'07,120°31'06,半徑,1852,120.5183333,22.11861111
TWN16_00002,TWN,16,2,屏東縣琉球鄉南方海域,92,A,22°17'60,120°21'17,半徑,800,120.3547222,22.3
TWN16_00003,TWN,16,3,屏東縣琉球鄉南方海域,93,A,22°16.5',120°19.59',半徑,800,120.3265,22.275
TWN16_00004,TWN,16,4,屏東縣琉球鄉海域,94,A,21°19'06,120°17'07,半徑,801,120.2852778,21.31833333
TWN16_00005,TWN,16,5,林邊(第一)人工魚礁禁漁區,95,A,22°22'00,120°28'30,半徑,1000,120.475,22.36666667
TWN16_00006,TWN,16,6,林邊(第二)人工魚礁禁漁區,96,A,22°22'30,120°28'00,半徑,1000,120.4666667,22.375
TWN16_00007,TWN,16,7,林邊(第三)人工魚礁禁漁區,97,A,22°23'00,120°28'00,半徑,1000,120.4666667,22.38333333
TWN16_00008,TWN,16,8,枋寮(第一)人工魚礁禁漁區,98,A,22°19'06,120°28'54,半徑,1000,120.4816667,22.31833333
TWN16_00009,TWN,16,9,枋寮(第二)人工魚礁禁漁區,99,A,22°19'50,120°34'04,半徑,1000,120.5677778,22.33055556
TWN16_00010,TWN,16,10,枋寮(第三)人工魚礁禁漁區,100,A,22°17'18,120°36'18,半徑,1000,120.605,22.28833333
TWN16_00011,TWN,16,11,海口人工魚礁禁漁區,101,A,22°06'24,120°41'12,半徑,1000,120.6866667,22.10666667
TWN16_00012,TWN,16,12,漁福村人工魚礁禁漁區,102,A,22°20'00,120°22'20,半徑,1000,120.3722222,22.33333333
TWN16_00013,TWN,16,13,杉福村人工魚礁禁漁區,103,A,22°21'00,120°19'00,半徑,1000,120.3166667,22.35
TWN16_00014,TWN,16,14,南灣人工魚礁禁漁區,104,A,21°56'42,120°46'00,半徑,926,120.7666667,21.945
TWN16_00015,TWN,16,15,琉球龍蝦洞人工漁礁禁漁區,105,A,22°20.700',120°23.480',半徑,926,120.3913333,22.345
TWN16_00016,TWN,16,16,琉球(1)人工浮魚礁,106,A,22°19',120°11.2',半徑,926,120.1866667,22.31666667
TWN16_00017,TWN,16,17,琉球(2)人工浮魚礁,107,A,22°11.5',120°14.13',半徑,926,120.2355,22.19166667
TWN16_00018,TWN,16,18,車城(一)人工浮魚礁禁漁區,108,A,22°06.4',120°27.5',半徑,800,120.4583333,22.10666667
TWN16_00019,TWN,16,19,車城(二)人工浮魚礁禁漁區,109,A,22°01.2',120°23.1',半徑,800,120.385,22.02
TWN16_00020,TWN,16,20,琉球(3)人工浮魚礁,110,A,22°08.4',120°29.3',半徑,800,120.4883333,22.14
TWN16_00021,TWN,16,21,恆春(一)人工浮魚礁禁漁區,111,A,21°52.50',120°31.85',半徑,800,120.5308333,21.875
TWN16_00022,TWN,16,22,琉球(4)人工浮魚礁,112,A,22°19.50',120°18.62',半徑,800,120.3103333,22.325
TWN16_00023,TWN,16,23,琉球(5)人工浮魚礁,113,A,22°11.25',120°19.32',半徑,800,120.322,22.1875
TWN16_00024,TWN,16,24,南福村人工魚礁禁漁區,114,A,22°19'05,120°21'25,半徑,1000,120.3569444,22.31805556
TWN16_00025,TWN,16,25,琉球(6)中層人工浮魚礁,115,A,22°07.75',120°24.20',半徑,900,120.4033333,22.12916667
TWN16_00026,TWN,16,26,琉球(7)中層人工浮魚礁,116,A,22°14.09',120°18.27',半徑,900,120.3045,22.23483333
TWN16_00027,TWN,16,27,琉球(8)中層人工浮魚礁,117,A,22°13.73',120°11.72',半徑,900,120.1953333,22.22883333
TWN16_00028,TWN,16,28,恆春(2)中層人工浮魚礁,118,A,21°55.52',120°32.10',半徑,900,120.535,21.92533333
TWN16_00029,TWN,16,29,恆春(1)表層人工浮魚礁,119,A,22°17.46',120°21.83',半徑,900,120.3638333,22.291
TWN16_00030,TWN,16,30,琉球(2)表層人工浮魚礁,120,A,22°18.72',120°19.46',半徑,900,120.3243333,22.312
TWN16_00031,TWN,16,31,琉球(9)中層人工浮魚礁,121,A,22°20.6',120°20',半徑,900,120.3333333,22.34333333
TWN16_00032,TWN,16,32,琉球(10)中層人工浮魚礁,122,A,22°19.20',120°19.4',半徑,900,120.3233333,22.32
TWN16_00033,TWN,16,33,恆春(3)中層人工浮魚礁,123,A,21°50.11',120°36.81',半徑,900,120.6135,21.83516667
TWN16_00034,TWN,16,34,琉球(11)中層人工浮魚礁,124,A,22°19'59,120°14'59,半徑,900,120.2497222,22.33305556
TWN16_00035,TWN,16,35,恆春(4)中層人工浮魚礁,125,A,21°47'56,120°44'12,半徑,900,120.7366667,21.79888889
TWN16_00036,TWN,16,36,恆春(5)中層人工浮魚礁,126,A,21°57'28,120°55'00,半徑,900,120.9166667,21.95777778
TWN16_00037,TWN,16,37,恆春(6)中層人工浮魚礁,127,A,22°05'22,120°57'17,半徑,900,120.9547222,22.08944444
TWN16_00038,TWN,16,38,琉球(12)中層人工浮魚礁,128,A,22°17.34',120°20.7',半徑,900,120.345,22.289
TWN16_00039,TWN,16,39,琉球(13)中層人工浮魚礁,129,A,22°20.76',120°09.6',半徑,900,120.16,22.346
TWN16_00040,TWN,16,40,琉球(14)中層人工浮魚礁,130,A,22°12',120°14.64',半徑,900,n/a,22.2
TWN16_00041,TWN,16,41,國立海洋生物博物館資源培育區,134,A,22°5',120°41,A點以南,1000,120.6833333,22.08333333
TWN16_00042,TWN,16,42,白沙美人洞禁漁區,135,A,22°21'11.7,120°22'14.9,ABCD內,300,120.3708056,22.35325
TWN16_00043,TWN,16,43,白沙美人洞禁漁區,135,B,22°21'12.4,120°22'11.7,ABCD內,300,120.3699167,22.35344444
TWN16_00044,TWN,16,44,白沙美人洞禁漁區,135,C,22°21'17.5,120°22'56.6,ABCD內,300,120.3823889,22.35486111
TWN16_00045,TWN,16,45,白沙美人洞禁漁區,135,D,22°21'25.7,120°22'39.7,ABCD內,300,120.3776944,22.35713889
TWN16_00046,TWN,16,46,杉福村海域珊瑚礁禁漁區,136,A,22°20,120°21'33.6,半徑,300,120.3593333,22.33333333
TWN7_00001,TWN,7,1,崎頂人工魚礁禁漁區,139,A,24°44'00,120°49'00,半徑,1000,120.8166667,24.73333333
TWN7_00002,TWN,7,2,通霄人工魚礁禁漁區,140,A,24°29'30,120°38'12,半徑,1000,120.6366667,24.49166667
TWN7_00003,TWN,7,3,海口人工魚礁禁漁區,141,A,24°27'05,120°37'04,半徑,1000,120.6177778,24.45138889
TWN7_00004,TWN,7,4,中港(一)保護礁區禁漁區,142,A,24°41'00,120°45'00,AB線左右,1000,120.75,24.68333333
TWN7_00005,TWN,7,5,中港(一)保護礁區禁漁區,142,B,24°40'30,120°45'48,AB線左右,1000,120.7633333,24.675
TWN7_00006,TWN,7,6,中港(二)保護礁區禁漁區,143,A,24°42'30,120°46'48,AB線左右,1000,120.78,24.70833333
TWN7_00007,TWN,7,7,中港(二)保護礁區禁漁區,143,B,24°42'00,120°47'42,AB線左右,1000,120.795,24.7
TWN7_00008,TWN,7,8,海寶保護礁區禁漁區,144,A,24°40'20,120°47'42,AB線左右,1000,120.795,24.67222222
TWN7_00009,TWN,7,9,海寶保護礁區禁漁區,144,B,24°41'21,120°46'23,AB線左右,1000,120.7730556,24.68916667
TWN7_00010,TWN,7,10,竹圍保護礁區禁漁區,145,A,24°41'47,120°50'03,AB線左右,1000,120.8341667,24.69638889
TWN7_00011,TWN,7,11,竹圍保護礁區禁漁區,145,B,24°43'25,120°48'36,AB線左右,1000,120.81,24.72361111
TWN7_00012,TWN,7,12,崎頂保護礁區禁漁區,146,A,24°43'03,120°50'51,AB線左右,1000,120.8475,24.7175
TWN7_00013,TWN,7,13,崎頂保護礁區禁漁區,146,B,24°44'50,120°49'05,AB線左右,1000,120.8180556,24.74722222
TWN7_00014,TWN,7,14,通苑保護礁區禁漁區,147,A,24°28'12,120°36'12,AB線左右,1000,120.6033333,24.47
TWN7_00015,TWN,7,15,通苑保護礁區禁漁區,147,B,24°28'48,120°36'36,AB線左右,1000,120.61,24.48
TWN7_00016,TWN,7,16,外埔(一)保護礁區禁漁區,148,A,24°39'50,120°45'32,AB線左右,1000,120.7588889,24.66388889
TWN7_00017,TWN,7,17,外埔(一)保護礁區禁漁區,148,B,24°39'50,120°44'29,AB線左右,1000,120.7413889,24.66388889
TWN7_00018,TWN,7,18,外埔(二)保護礁區禁漁區,149,A,24°39'37,120°45'03,AB線左右,1000,120.7508333,24.66027778
TWN7_00019,TWN,7,19,外埔(二)保護礁區禁漁區,149,B,24°40'09,120°44'04,AB線左右,1000,120.7344444,24.66916667
TWN7_00020,TWN,7,20,外埔(三)保護礁區禁漁區,150,A,24°37'40,120°43'29,AB線左右,1000,120.7247222,24.62777778
TWN7_00021,TWN,7,21,外埔(三)保護礁區禁漁區,150,B,24°38'04,120°42'36,AB線左右,1000,120.71,24.63444444
TWN7_00022,TWN,7,22,外埔(四)保護礁區禁漁區,151,A,24°36'08,120°42'02,AB線左右,1000,120.7005556,24.60222222
TWN7_00023,TWN,7,23,外埔(四)保護礁區禁漁區,151,B,24°35'46,120°41'08,AB線左右,1000,120.6855556,24.59611111
TWN7_00024,TWN,7,24,白新人工魚礁區禁漁區,152,A,24°34'30,120°40'30,半徑,1000,120.675,24.575
TWN7_00025,TWN,7,25,白新保護礁禁漁區,153,A,24°34'26,120°40'00,AB線左右,1000,120.6666667,24.57388889
TWN7_00026,TWN,7,26,白新保護礁禁漁區,153,B,24°33'00,120°39'00,AB線左右,1000,120.65,24.55
TWN7_00027,TWN,7,27,外埔人工魚礁禁漁區,154,A,24°39.600',120°44.500',半徑,1000,120.7416667,24.66
TWN7_00028,TWN,7,28,公司寮人工漁礁禁漁區,156,A,24°36.'727',120°42.007',半徑,1000,120.7001167,24.80194444
TWN7_00029,TWN,7,29,n/a,157,A,24°29.255',120°38.167',半徑,1500,120.6361167,24.48758333
TWN7_00030,TWN,7,30,1.後龍鎮中和里A、B、C、D四點範圍內：,158,A,24°36'16,120°43'23,ABCD內,n/a,120.7230556,24.60444444
TWN7_00031,TWN,7,31,1.後龍鎮中和里A、B、C、D四點範圍內：,158,B,24°36'8,120°43'18,ABCD內,n/a,120.7216667,24.60222222
TWN7_00032,TWN,7,32,1.後龍鎮中和里A、B、C、D四點範圍內：,158,C,24°36'8,120°43'14,ABCD內,n/a,120.7205556,24.60222222
TWN7_00033,TWN,7,33,1.後龍鎮中和里A、B、C、D四點範圍內：,158,D,24°36'16,120°43'20,ABCD內,n/a,120.7222222,24.60444444
TWN4_00001,TWN,4,1,觀音人工魚礁禁漁區,159,A,25°05'00,121°04'00,n/a,n/a,121.0666667,25.08333333
TWN4_00002,TWN,4,2,竹園人工魚礁禁漁區,160,A,25°08'09,121°13'09,n/a,n/a,121.2191667,25.13583333
TWN4_00003,TWN,4,3,永安人工魚礁禁漁區,161,A,25°00'08,120°59'03,n/a,n/a,120.9841667,25.00222222
TWN4_00004,TWN,4,4,竹圍(一)保護礁禁漁區,162,A,25°09'12,121°14'48,n/a,n/a,121.2466667,25.15333333
TWN4_00005,TWN,4,5,竹圍(一)保護礁禁漁區,162,B,25°09'50,121°14'24,n/a,n/a,121.24,25.16388889
TWN4_00006,TWN,4,6,竹圍(二)保護礁禁漁區,163,A,25°09'20,121°13'48,n/a,n/a,121.23,25.15555556
TWN4_00007,TWN,4,7,竹圍(二)保護礁禁漁區,163,B,25°09'40,120°14'24,n/a,n/a,120.24,25.16111111
TWN4_00008,TWN,4,8,永安(一)保護礁禁漁區,164,A,25°00'18,120°58'34,n/a,n/a,120.9761111,25.005
TWN4_00009,TWN,4,9,永安(一)保護礁禁漁區,164,B,25°00'36,120°58'03,n/a,n/a,120.9675,25.01
TWN4_00010,TWN,4,10,永安(二)保護礁禁漁區,165,A,24°58'00,120°58'06,n/a,n/a,120.9683333,24.96666667
TWN4_00011,TWN,4,11,永安(二)保護礁禁漁區,165,B,24°58'12,120°57'40,n/a,n/a,120.9611111,24.97
TWN15_00001,TWN,15,1,以中心位置經緯度為中心，半徑0.5浬範圍以內水域均屬之,171,A,22°52'48,120°08'36,半徑,926,22.88,120.1433333
TWN15_00002,TWN,15,2,以中心位置經緯度為中心，半徑0.5浬範圍以內水域均屬之,172,A,22°51'30,120°08'30,半徑,926,22.85833333,120.1416667
TWN15_00003,TWN,15,3,以中心位置經緯度為中心，半徑0.5浬範圍以內水域均屬之,173,A,22°51'30,120°09'30,半徑,926,22.85833333,120.1583333
TWN15_00004,TWN,15,4,以中心位置經緯度為中心，半徑0.5浬範圍以內水域均屬之,174,A,22°50'30,120°09'00,半徑,926,22.84166667,120.15
TWN15_00005,TWN,15,5,以中心位置經緯度為中心，半徑0.5浬範圍以內水域均屬之,175,A,22°48'48,120°09'12,半徑,926,22.81333333,120.1533333
TWN15_00006,TWN,15,6,以中心位置經緯度為中心，半徑0.5浬範圍以內水域均屬之,176,A,22°43'18,120°11'48,半徑,926,22.72166667,120.1966667
TWN15_00007,TWN,15,7,以中心位置經緯度為中心，半徑0.5浬範圍以內水域均屬之,177,A,22°46'54,120°09'06,半徑,926,22.78166667,120.1516667
TWN15_00008,TWN,15,8,以中心位置經緯度為中心，半徑0.5浬範圍以內水域均屬之,178,A,22°46'36,120°10'18,半徑,926,22.77666667,120.1716667
TWN15_00009,TWN,15,9,以中心位置經緯度為中心，半徑0.5浬範圍以內水域均屬之,179,A,22°45'30,120°08'30,半徑,926,22.75833333,120.1416667
TWN15_00010,TWN,15,10,以中心位置經緯度為中心，半徑0.5浬範圍以內水域均屬之,180,A,22°27'00,120°21'00,半徑,926,22.45,120.35
TWN15_00011,TWN,15,11,以中心位置經緯度為中心，半徑0.5浬範圍以內水域均屬之,181,A,22°27'00,120°21'30,半徑,926,22.45,120.3583333
TWN15_00012,TWN,15,12,以中心位置經緯度為中心，半徑0.5浬範圍以內水域均屬之,182,A,22°26'00,120°18'00,半徑,926,22.43333333,120.3
TWN1_00001,TWN,1,1,基隆市沿岸海域,189,A,25°10'00,121°42'42,ABCD內,n/a,121.7116667,25.16666667
TWN1_00002,TWN,1,2,基隆市沿岸海域,189,B,25°13'30,121°42'48,ABCD內,n/a,121.7133333,25.225
TWN1_00003,TWN,1,3,基隆市沿岸海域,189,C,25°11'36,121°48'42,ABCD內,n/a,121.8116667,25.19333333
TWN1_00004,TWN,1,4,基隆市沿岸海域,189,D,25°08'12,121°47'48,ABCD內,n/a,121.7966667,25.13666667
TWN1_00005,TWN,1,5,望海巷人工魚礁禁漁區,191,A,25°08'36,121°48'18,半徑,926,121.805,25.14333333
TWN1_00006,TWN,1,6,大武崙人工魚礁禁漁區,192,A,25°10'45,121°42'40,半徑,926,121.7111111,25.17916667
TWN1_00007,TWN,1,7,基隆嶼人工魚礁禁漁區,193,A,25°10'18,121°46'30,半徑,926,121.775,25.17166667
TWN1_00008,TWN,1,8,岸頭堡保護礁禁漁區,194,A,25°11'08,121°47'10,AB線左右,1000,121.7861111,25.18555556
TWN1_00009,TWN,1,9,岸頭堡保護礁禁漁區,194,B,25°10'40,121°47'33,AB線左右,1000,121.7925,25.17777778
TWN1_00010,TWN,1,10,基隆嶼保護礁(一)禁漁區,195,A,25°11'00,121°47'00,AB線左右,1000,121.7833333,25.18333333
TWN1_00011,TWN,1,11,基隆嶼保護礁(一)禁漁區,195,B,25°11'00,121°48'00,AB線左右,1000,121.8,25.18333333
TWN1_00012,TWN,1,12,基隆嶼保護礁(二)禁漁區,196,A,25°11'00,121°48'20,AB線左右,1000,121.8055556,25.18333333
TWN1_00013,TWN,1,13,基隆嶼保護礁(二)禁漁區,196,B,25°09'48,121°47'24,AB線左右,1000,121.79,25.16333333
TWN1_00014,TWN,1,14,基隆嶼保護礁(三)禁漁區,197,A,25°10'00,121°49'20,AB線左右,1000,121.8222222,25.16666667
TWN1_00015,TWN,1,15,基隆嶼保護礁(三)禁漁區,197,B,25°09'48,121°49'24,AB線左右,1000,121.8233333,25.16333333
TWN1_00016,TWN,1,16,本市行政轄區所屬A點、B點、C點及E點所圍字路地高潮線起向外海域之範圍,199,A,25°08'28.28,121°48'14.02,ABCD內,n/a,121.8038944,25.14118889
TWN1_00017,TWN,1,17,本市行政轄區所屬A點、B點、C點及E點所圍字路地高潮線起向外海域之範圍,199,B,25°08'48.39,121°48'30.72,ABCD內,n/a,121.8085333,25.146775
TWN1_00018,TWN,1,18,本市行政轄區所屬A點、B點、C點及E點所圍字路地高潮線起向外海域之範圍,199,C,25°08'47.37,121°48'20.62,ABCD內,n/a,121.8057278,25.14649167
TWN1_00019,TWN,1,19,本市行政轄區所屬A點、B點、C點及E點所圍字路地高潮線起向外海域之範圍,199,D,25°08'29.60,121°48'6.89,ABCD內,n/a,121.8019139,25.14155556
TWN1_00020,TWN,1,20,本市行政轄區所屬A點、B點、C點及E點所圍字路地高潮線起向外海域之範圍,200,A,25°08'28.28,121°48'14.02,ABCD內,n/a,121.8038944,25.14118889
TWN1_00021,TWN,1,21,本市行政轄區所屬A點、B點、C點及E點所圍字路地高潮線起向外海域之範圍,200,B,25°08'48.39,121°48'30.72,ABCD內,n/a,121.8085333,25.146775
TWN1_00022,TWN,1,22,本市行政轄區所屬A點、B點、C點及E點所圍字路地高潮線起向外海域之範圍,200,C,25°08'47.37,121°48'20.62,ABCD內,n/a,121.8057278,25.14649167
TWN1_00023,TWN,1,23,本市行政轄區所屬A點、B點、C點及E點所圍字路地高潮線起向外海域之範圍,200,D,25°08'29.60,121°48'6.89,ABCD內,n/a,121.8019139,25.14155556
TWN3_00001,TWN,3,1,新北市瑞芳區低潮線向外海延伸3浬海域,205,A,25°08'08.30,121°48'10.00,n/a,5556,121.8027778,25.13563889
TWN3_00002,TWN,3,2,新北市瑞芳區低潮線向外海延伸3浬海域,205,B,25°07'45.71,121°55'26.95,n/a,5556,121.9241528,25.12936389
TWN3_00003,TWN,3,3,新北市萬里區距岸3浬海域,208,A,25°10'38.4,121°42'03.00,n/a,5556,121.7008333,25.17733333
TWN3_00004,TWN,3,4,新北市萬里區距岸3浬海域,208,B,25°13'21.60,121°38'34.80,n/a,5556,121.643,25.22266667
TWN3_00005,TWN,3,5,新北市貢寮區距岸3浬海域,209,A,24°59'02.98,121°57'54.69,n/a,5556,121.9651917,24.98416111
TWN3_00006,TWN,3,6,新北市貢寮區距岸3浬海域,209,B,25°07'45.71,121°55'26.95,n/a,5556,121.9241528,25.12936389
TWN3_00007,TWN,3,7,新北市金山區石門漁港南堤紅燈塔至水尾漁港東堤綠燈塔距岸3浬海域,211,A,25°17'42.01,121°33'57.86,AE線以北，BCD線以南,5556,121.5660722,25.29500278
TWN3_00008,TWN,3,8,新北市金山區石門漁港南堤紅燈塔至水尾漁港東堤綠燈塔距岸3浬海域,211,B,25°20'51.58,121°33'55.24,AE線以北，BCD線以南,5556,121.5653444,25.34766111
TWN3_00009,TWN,3,9,新北市金山區石門漁港南堤紅燈塔至水尾漁港東堤綠燈塔距岸3浬海域,211,C,25°19'51.45,121°37'54.64,AE線以北，BCD線以南,5556,121.6318444,25.33095833
TWN3_00010,TWN,3,10,新北市金山區石門漁港南堤紅燈塔至水尾漁港東堤綠燈塔距岸3浬海域,211,D,25°16'51.37,121°41'09.83,AE線以北，BCD線以南,5556,121.6860639,25.28093611
TWN3_00011,TWN,3,11,新北市金山區石門漁港南堤紅燈塔至水尾漁港東堤綠燈塔距岸3浬海域,211,E,25°13'30.75,121°39'07.66,AE線以北，BCD線以南,5556,121.6521278,25.22520833
TWN3_00012,TWN,3,12,淡水人工魚礁禁漁區,212,A,25°13'48,121°24'48,n/a,n/a,121.4133333,25.23
TWN3_00013,TWN,3,13,林口人工魚礁禁漁區,213,A,25°09'12,121°17'42,n/a,n/a,121.295,25.15333333
TWN3_00014,TWN,3,14,跳石人工魚礁禁漁區,214,A,25°15'30,121°38'00,n/a,n/a,121.6333333,25.25833333
TWN3_00015,TWN,3,15,野柳人工魚礁禁漁區,215,A,25°12'29,121°41'56,n/a,n/a,121.6988889,25.20805556
TWN3_00016,TWN,3,16,龜吼人工魚礁禁漁區,216,A,25°11'48,121°41'56,n/a,n/a,121.6988889,25.19666667
TWN3_00017,TWN,3,17,深澳人工魚礁禁漁區,217,A,25°07'54,121°51'36,n/a,n/a,121.86,25.13166667
TWN3_00018,TWN,3,18,澳底人工魚礁禁漁區,218,A,25°03'58,121°56'30,n/a,n/a,121.9416667,25.06611111
TWN3_00019,TWN,3,19,澳底人工魚礁禁漁區,218,B,25°02'40,121°57'06,n/a,n/a,121.9516667,25.04444444
TWN3_00020,TWN,3,20,澳底人工魚礁禁漁區,218,C,25°03'01,121°58'00,n/a,n/a,121.9666667,25.05027778
TWN3_00021,TWN,3,21,澳底人工魚礁禁漁區,218,D,25°04'19,121°57'25,n/a,n/a,121.9569444,25.07194444
TWN3_00022,TWN,3,22,八里人工魚礁禁漁區,219,A,25°11'30.24,121°20'23.90,n/a,n/a,121.3399722,25.19173333
TWN3_00023,TWN,3,23,八里人工魚礁禁漁區,219,B,25°10'26.64,121°21'01.94,n/a,n/a,121.3505389,25.17406667
TWN3_00024,TWN,3,24,八里人工魚礁禁漁區,219,C,25°09'52.50,121°19'53.04,n/a,n/a,121.3314,25.16458333
TWN3_00025,TWN,3,25,八里人工魚礁禁漁區,219,D,25°11'09.71,121°19'11.97,n/a,n/a,121.3199917,25.18603056
TWN3_00026,TWN,3,26,林口保護礁禁漁區,220,A,25°10'50,121°17'10,n/a,n/a,121.2861111,25.18055556
TWN3_00027,TWN,3,27,林口保護礁禁漁區,220,B,25°11'10,121°18'20,n/a,n/a,121.3055556,25.18611111
TWN3_00028,TWN,3,28,林口保護礁禁漁區,220,C,25°09'50,121°17'20,n/a,n/a,121.2888889,25.16388889
TWN3_00029,TWN,3,29,林口保護礁禁漁區,220,D,25°10'00,121°18'30,n/a,n/a,121.3083333,25.16666667
TWN3_00030,TWN,3,30,萬里保護礁禁漁區,221,A,25°12'30,121°41'40,n/a,n/a,121.6944444,25.20833333
TWN3_00031,TWN,3,31,萬里保護礁禁漁區,221,B,25°11'40,121°42'50,n/a,n/a,121.7138889,25.19444444
TWN3_00032,TWN,3,32,萬里保護礁禁漁區,221,C,25°11'50,121°41'20,n/a,n/a,121.6888889,25.19722222
TWN3_00033,TWN,3,33,萬里保護礁禁漁區,221,D,25°10'50,121°41'20,n/a,n/a,121.6888889,25.18055556
TWN3_00034,TWN,3,34,瑞芳保護礁禁漁區,222,A,25°10'40,121°48'40,n/a,n/a,121.8111111,25.17777778
TWN3_00035,TWN,3,35,瑞芳保護礁禁漁區,222,B,25°10'50,121°49'50,n/a,n/a,121.8305556,25.18055556
TWN3_00036,TWN,3,36,瑞芳保護礁禁漁區,222,C,25°09'00,121°50'00,n/a,n/a,121.8333333,25.15
TWN3_00037,TWN,3,37,瑞芳保護礁禁漁區,222,D,25°08'50,121°49'10,n/a,n/a,121.8194444,25.14722222
TWN3_00038,TWN,3,38,貢寮保育區：貢寮區福連里卯澳(A)至洋寮鼻(D)，由A、D為基點距岸300公尺之B、C兩點以南海域。               ,223,A,25°1'16.33,121°59'22.19,n/a,300,121.9894972,25.02120278
TWN3_00039,TWN,3,39,貢寮保育區：貢寮區福連里卯澳(A)至洋寮鼻(D)，由A、D為基點距岸300公尺之B、C兩點以南海域。               ,223,B,25°1'25.62,121°59'26.59,n/a,300,121.9907194,25.02378333
TWN3_00040,TWN,3,40,貢寮保育區：貢寮區福連里卯澳(A)至洋寮鼻(D)，由A、D為基點距岸300公尺之B、C兩點以南海域。               ,223,C,25°1'17.65,122°0'0.67,n/a,300,122.0001861,25.02156944
TWN3_00041,TWN,3,41,貢寮保育區：貢寮區福連里卯澳(A)至洋寮鼻(D)，由A、D為基點距岸300公尺之B、C兩點以南海域。               ,223,D,25°1'9.55,121°59'51.15,n/a,300,121.9975417,25.01931944
TWN3_00042,TWN,3,42,萬里保育區：萬里區野柳相思燈小凸岬(A)至東澳漁港燈塔(D)為基點，沿野柳岬A點向外海距3，400公尺及D點向外海距2，100公尺連線以內海域。     ,224,A,25°12'20.41,121°40'40.87,n/a,n/a,121.6780194,25.20566944
TWN3_00043,TWN,3,43,萬里保育區：萬里區野柳相思燈小凸岬(A)至東澳漁港燈塔(D)為基點，沿野柳岬A點向外海距3，400公尺及D點向外海距2，100公尺連線以內海域。     ,224,B,25°13'28.28,121°42'15.79,n/a,n/a,121.7043861,25.22452222
TWN3_00044,TWN,3,44,萬里保育區：萬里區野柳相思燈小凸岬(A)至東澳漁港燈塔(D)為基點，沿野柳岬A點向外海距3，400公尺及D點向外海距2，100公尺連線以內海域。     ,224,C,25°12'54.76,121°42'40.15,n/a,n/a,121.7111528,25.21521111
TWN3_00045,TWN,3,45,萬里保育區：萬里區野柳相思燈小凸岬(A)至東澳漁港燈塔(D)為基點，沿野柳岬A點向外海距3，400公尺及D點向外海距2，100公尺連線以內海域。     ,224,D,25°12'12.53,121°41'39.27,n/a,n/a,121.6942417,25.20348056
TWN3_00046,TWN,3,46,瑞芳保育區:深澳昭明宮東北方300公尺小凸岬(A)至深澳漁港北提(F)為基點，自A點距岸580公尺及F點東南東方300公尺連線以內海域。,225,A,25°8'3.776,121°48'51.502,n/a,n/a,121.8143061,25.13438222
TWN3_00047,TWN,3,47,瑞芳保育區:深澳昭明宮東北方300公尺小凸岬(A)至深澳漁港北提(F)為基點，自A點距岸580公尺及F點東南東方300公尺連線以內海域。,225,B,25°8'22.678,121°48'51.502,n/a,n/a,121.8143061,25.13963278
TWN3_00048,TWN,3,48,瑞芳保育區:深澳昭明宮東北方300公尺小凸岬(A)至深澳漁港北提(F)為基點，自A點距岸580公尺及F點東南東方300公尺連線以內海域。,225,C,25°8'22.678,121°49'52.744,n/a,n/a,121.8313178,25.13963278
TWN3_00049,TWN,3,49,瑞芳保育區:深澳昭明宮東北方300公尺小凸岬(A)至深澳漁港北提(F)為基點，自A點距岸580公尺及F點東南東方300公尺連線以內海域。,225,D,25°7'51.35,121°49'52.744,n/a,n/a,121.8313178,25.13093056
TWN3_00050,TWN,3,50,瑞芳保育區:深澳昭明宮東北方300公尺小凸岬(A)至深澳漁港北提(F)為基點，自A點距岸580公尺及F點東南東方300公尺連線以內海域。,225,E,25°7'51.35,121°49'35.137,n/a,n/a,121.8264269,25.13093056
TWN3_00051,TWN,3,51,瑞芳保育區:深澳昭明宮東北方300公尺小凸岬(A)至深澳漁港北提(F)為基點，自A點距岸580公尺及F點東南東方300公尺連線以內海域。,225,F,25°7'55.172,121°49'26.307,n/a,n/a,121.8239742,25.13199222
TWN3_00052,TWN,3,52,林口人工魚礁禁漁區,227,A,25°09'12,121°17'42,半徑,926,121.295,25.15333333
TWN3_00053,TWN,3,53,八里人工魚礁禁漁區,228,A,25°10'26.64,121°21'01.94,ABCD內,n/a,121.3505389,25.17406667
TWN3_00054,TWN,3,54,八里人工魚礁禁漁區,228,B,25°09'52.50,121°19'53.04,ABCD內,n/a,121.3314,25.16458333
TWN3_00055,TWN,3,55,八里人工魚礁禁漁區,228,C,25°11'09.71,121°19'11.97,ABCD內,n/a,121.3199917,25.18603056
TWN3_00056,TWN,3,56,八里人工魚礁禁漁區,228,D,25°11'30.24,121°20'23.90,ABCD內,n/a,121.3399722,25.19173333
TWN3_00057,TWN,3,57,淡水人工魚礁禁漁區,229,A,25°13'51.50,121°23'59.77,ABCD內,n/a,121.3999361,25.23097222
TWN3_00058,TWN,3,58,淡水人工魚礁禁漁區,229,B,25°13'02.67,121°24'47.23,ABCD內,n/a,121.4131194,25.21740833
TWN3_00059,TWN,3,59,淡水人工魚礁禁漁區,229,C,25°13'45.75,121°25'35.44,ABCD內,n/a,121.4265111,25.229375
TWN3_00060,TWN,3,60,淡水人工魚礁禁漁區,229,D,25°14'33.13,121°24'48.18,ABCD內,n/a,121.4133833,25.24253611
TWN3_00061,TWN,3,61,跳石人工魚礁禁漁區,230,A,25°16'03.90,121°38'00.50,ABCD內,n/a,121.6334722,25.26775
TWN3_00062,TWN,3,62,跳石人工魚礁禁漁區,230,B,25°14'44.27,121°38'13.65,ABCD內,n/a,121.637125,25.24563056
TWN3_00063,TWN,3,63,跳石人工魚礁禁漁區,230,C,25°15'03.22,121°39'16.40,ABCD內,n/a,121.6545556,25.25089444
TWN3_00064,TWN,3,64,跳石人工魚礁禁漁區,230,D,25°16'19.48,121°38'41.47,ABCD內,n/a,121.6448528,25.27207778
TWN3_00065,TWN,3,65,萬里人工魚礁禁漁區 ,231,A,25°12'12.53,121°41'39.27,ABCD內,n/a,121.6942417,25.20348056
TWN3_00066,TWN,3,66,萬里人工魚礁禁漁區 ,231,B,25°12'54.76,121°42'40.15,ABCD內,n/a,121.7111528,25.21521111
TWN3_00067,TWN,3,67,萬里人工魚礁禁漁區 ,231,C,25°11'12.36,121°42'59.26,ABCD內,n/a,121.7164611,25.18676667
TWN3_00068,TWN,3,68,萬里人工魚礁禁漁區 ,231,D,25°11'16.83,121°41'34.30,ABCD內,n/a,121.6928611,25.18800833
TWN3_00069,TWN,3,69,深澳人工魚礁禁漁區 ,232,A,25°07'38.27,121°50'51.21,ABCD內,n/a,121.8475583,25.12729722
TWN3_00070,TWN,3,70,深澳人工魚礁禁漁區 ,232,B,25°08'27.6,21°50'51.43,ABCD內,n/a,21.84761944,25.141
TWN3_00071,TWN,3,71,深澳人工魚礁禁漁區 ,232,C,5°08'27.73,21°52'43.05,ABCD內,n/a,21.878625,5.141036111
TWN3_00072,TWN,3,72,深澳人工魚礁禁漁區 ,232,D,5°07'24.16,21°52'42.57,ABCD內,n/a,21.87849167,5.123377778
TWN3_00073,TWN,3,73,澳底人工魚礁禁漁區,233,A,25°03'58,121°56'30,ABCD內,n/a,121.9416667,25.06611111
TWN3_00074,TWN,3,74,澳底人工魚礁禁漁區,233,B,25°04'19,121°57'25,ABCD內,n/a,121.9569444,25.07194444
TWN3_00075,TWN,3,75,澳底人工魚礁禁漁區,233,C,25°03'01,121°58'00,ABCD內,n/a,121.9666667,25.05027778
TWN3_00076,TWN,3,76,澳底人工魚礁禁漁區,233,D,25°02'40,121°57'06,ABCD內,n/a,121.9516667,25.04444444
TWN3_00077,TWN,3,77,林口保護礁禁漁區,234,A,25°10'50,121°17'10,ABCD內,n/a,121.2861111,25.18055556
TWN3_00078,TWN,3,78,林口保護礁禁漁區,234,B,25°11'10,121°18'20,ABCD內,n/a,121.3055556,25.18611111
TWN3_00079,TWN,3,79,林口保護礁禁漁區,234,C,25°10'00,121°18'30,ABCD內,n/a,121.3083333,25.16666667
TWN3_00080,TWN,3,80,林口保護礁禁漁區,234,D,25°09'50,121°17'20,ABCD內,n/a,121.2888889,25.16388889
TWN3_00081,TWN,3,81,瑞芳保護礁禁漁區,235,A,25°10'40,121°48'40,ABCD內,n/a,121.8111111,25.17777778
TWN3_00082,TWN,3,82,瑞芳保護礁禁漁區,235,B,25°10'50,121°49'50,ABCD內,n/a,121.8305556,25.18055556
TWN3_00083,TWN,3,83,瑞芳保護礁禁漁區,235,C,25°09'00,121°50'00,ABCD內,n/a,121.8333333,25.15
TWN3_00084,TWN,3,84,瑞芳保護礁禁漁區,235,D,25°08'50,121°49'10,ABCD內,n/a,121.8194444,25.14722222
TWN5_00001,TWN,5,1,南寮人工魚礁禁漁區,236,A,24°51'06,120°52'54,半徑,926,120.8816667,24.85166667
TWN5_00002,TWN,5,2,南寮第二人工魚礁禁漁區,237,A,24°52'36,120°52'48,半徑,926,120.88,24.87666667
TWN5_00003,TWN,5,3,香山人工魚礁禁漁區,238,A,24°46'08,120°49'42,半徑,926,120.8283333,24.76888889
TWN5_00004,TWN,5,4,香山保護礁區禁漁區,239,A,24°46'27,120°50'00,半徑,926,120.8333333,24.77416667
TWN5_00005,TWN,5,5,香山保護礁區禁漁區,239,B,24°47'46,120°51'05,半徑,926,120.8513889,24.79611111
TWN5_00006,TWN,5,6,竹市(一)保護礁區禁漁區,240,A,24°50'30,120°53'00,ABCD內,n/a,120.8833333,24.84166667
TWN5_00007,TWN,5,7,竹市(一)保護礁區禁漁區,240,B,24°50'30,120°54'00,ABCD內,n/a,120.9,24.84166667
TWN5_00008,TWN,5,8,竹市(一)保護礁區禁漁區,240,C,24°48'00,120°52'00,ABCD內,n/a,120.8666667,24.8
TWN5_00009,TWN,5,9,竹市(一)保護礁區禁漁區,240,D,24°48'00,120°53'00,ABCD內,n/a,120.8833333,24.8
TWN5_00010,TWN,5,10,竹市(二)保護礁區禁漁區,241,A,25°10'00,121°42'42,ABCD內,n/a,121.7116667,25.16666667
TWN5_00011,TWN,5,11,竹市(二)保護礁區禁漁區,241,B,25°13'30,121°42'48,ABCD內,n/a,121.7133333,25.225
TWN5_00012,TWN,5,12,竹市(二)保護礁區禁漁區,241,C,25°11'36,121°48'42,ABCD內,n/a,121.8116667,25.19333333
TWN5_00013,TWN,5,13,竹市(二)保護礁區禁漁區,241,D,25°08'12,121°47'48,ABCD內,n/a,121.7966667,25.13666667
TWN5_00014,TWN,5,14,南寮(三)魚礁區區,242,A,24°50'35,120°50'35,半徑,926,120.8430556,24.84305556
TWN13_00001,TWN,13,1,布袋人工魚礁區,244,A,23°24'18,119°59'36,半徑,1000,119.9933333,23.405
TWN9_00001,TWN,9,1,伸港螻蛄蝦繁殖保育區,246,A,24°10'08,120°27'43,ABCD內,n/a,120.4619444,24.16888889
TWN9_00002,TWN,9,2,伸港螻蛄蝦繁殖保育區,246,B,24°10'08,120°27'22,ABCD內,n/a,120.4561111,24.16888889
TWN9_00003,TWN,9,3,伸港螻蛄蝦繁殖保育區,246,C,24°09'47,120°27'08,ABCD內,n/a,120.4522222,24.16305556
TWN9_00004,TWN,9,4,伸港螻蛄蝦繁殖保育區,246,D,24°09'47,120°27'29,ABCD內,n/a,120.4580556,24.16305556
TWN9_00005,TWN,9,5,伸港(二)、王功螻蛄蝦繁殖保育區,247,A,24°10'24.15,120°27'17.14,ABCD內,n/a,120.4547611,24.173375
TWN9_00006,TWN,9,6,伸港(二)、王功螻蛄蝦繁殖保育區,247,B,24°10'22.11,120°27'23.88,ABCD內,n/a,120.4566333,24.17280833
TWN9_00007,TWN,9,7,伸港(二)、王功螻蛄蝦繁殖保育區,247,C,24°10'55.85,120°27'32.05,ABCD內,n/a,120.4589028,24.18218056
TWN9_00008,TWN,9,8,伸港(二)、王功螻蛄蝦繁殖保育區,247,D,24°10'58.27,120°27'23.55,ABCD內,n/a,120.4565417,24.18285278
TWN9_00009,TWN,9,9,伸港(二)、王功螻蛄蝦繁殖保育區,248,A,23°58'08.31,120°19'05.14,ABCD內,n/a,120.3180944,23.968975
TWN9_00010,TWN,9,10,伸港(二)、王功螻蛄蝦繁殖保育區,248,B,23°58'11.30,120°19'19.73,ABCD內,n/a,120.3221472,23.96980556
TWN9_00011,TWN,9,11,伸港(二)、王功螻蛄蝦繁殖保育區,248,C,23°57'28.82,120°18'34.78,ABCD內,n/a,120.3096611,23.95800556
TWN9_00012,TWN,9,12,伸港(二)、王功螻蛄蝦繁殖保育區,248,D,23°57'23.93,120°18'40.04,ABCD內,n/a,120.3111222,23.95664722
TWN9_00013,TWN,9,13,伸港(二)、王功螻蛄蝦繁殖保育區,249,A,23°58'08.31,120°19'05.14,ABCD內,n/a,120.3180944,23.968975
TWN9_00014,TWN,9,14,伸港(二)、王功螻蛄蝦繁殖保育區,249,B,23°58'11.30,120°19'19.73,ABCD內,n/a,120.3221472,23.96980556
TWN9_00015,TWN,9,15,伸港(二)、王功螻蛄蝦繁殖保育區,249,C,23°57'53.12,120°18'53.36,ABCD內,n/a,120.3148222,23.96475556
TWN9_00016,TWN,9,16,伸港(二)、王功螻蛄蝦繁殖保育區,249,D,23°57'48.52,120°19'00.65,ABCD內,n/a,120.3168472,23.96347778
TWN9_00017,TWN,9,17,伸港(二)、王功螻蛄蝦繁殖保育區,250,A,23°57'53.12,120°18'53.36,ABCD內,n/a,120.3148222,23.96475556
TWN9_00018,TWN,9,18,伸港(二)、王功螻蛄蝦繁殖保育區,250,B,23°57'48.52,120°19'00.65,ABCD內,n/a,120.3168472,23.96347778
TWN9_00019,TWN,9,19,伸港(二)、王功螻蛄蝦繁殖保育區,250,C,23°57'28.82,120°18'34.78,ABCD內,n/a,120.3096611,23.95800556
TWN9_00020,TWN,9,20,伸港(二)、王功螻蛄蝦繁殖保育區,250,D,23°57'23.93,120°18'40.04,ABCD內,n/a,120.3111222,23.95664722
TWN9_00021,TWN,9,21,王功保護礁區網具類漁具禁漁區,251,A,24°00'30,120°12'57,AB周圍,1000,120.2158333,24.00833333
TWN9_00022,TWN,9,22,王功保護礁區網具類漁具禁漁區,251,B,24°00'00,120°12'36,AB周圍,1000,120.21,24
TWN9_00023,TWN,9,23,漢寶保護礁禁漁區,252,A,24°01'05,120°17'22,AB周圍,1000,120.2894444,24.01805556
TWN9_00024,TWN,9,24,漢寶保護礁禁漁區,252,B,24°00'39,120°16'50,AB周圍,1000,120.2805556,24.01083333
TWN9_00025,TWN,9,25,伸港保護礁禁漁區,253,A,24°10'53,120°22'31,AB周圍,1000,120.3752778,24.18138889
TWN9_00026,TWN,9,26,伸港保護礁禁漁區,253,B,24°10'28,120°22'01,AB周圍,1000,120.3669444,24.17444444
TWN9_00027,TWN,9,27,鹿港保護礁禁漁區,254,A,24°05'00,120°20'00,AB周圍,1000,120.3333333,24.08333333
TWN9_00028,TWN,9,28,鹿港保護礁禁漁區,254,B,24°04'24,120°19'20,AB周圍,1000,120.3222222,24.07333333
TWN9_00029,TWN,9,29,大肚溪口保護礁禁漁區,255,A,24°12'48,120°23'30,AB周圍,1000,120.3916667,24.21333333
TWN9_00030,TWN,9,30,大肚溪口保護礁禁漁區,255,B,24°11'30,120°22'24,AB周圍,1000,120.3733333,24.19166667
TWN9_00031,TWN,9,31,線西保護礁禁漁區,256,A,24°10'24,120°19'00,ABCD內,n/a,120.3166667,24.17333333
TWN9_00032,TWN,9,32,線西保護礁禁漁區,256,B,24°10'24,120°18'06,ABCD內,n/a,120.3016667,24.17333333
TWN9_00033,TWN,9,33,線西保護礁禁漁區,256,C,24°08'30,120°17'00,ABCD內,n/a,120.2833333,24.14166667
TWN9_00034,TWN,9,34,線西保護礁禁漁區,256,D,24°08'30,120°18'04,ABCD內,n/a,120.3011111,24.14166667
TWN9_00035,TWN,9,35,崙尾保護礁禁漁區,257,A,24°07'30,120°17'48,ABCD內,n/a,120.2966667,24.125
TWN9_00036,TWN,9,36,崙尾保護礁禁漁區,257,B,24°07'42,120°16'42,ABCD內,n/a,120.2783333,24.12833333
TWN9_00037,TWN,9,37,崙尾保護礁禁漁區,257,C,24°06'45,120°16'00,ABCD內,n/a,120.2666667,24.1125
TWN9_00038,TWN,9,38,崙尾保護礁禁漁區,257,D,24°06'20,120°17'12,ABCD內,n/a,120.2866667,24.10555556
TWN9_00039,TWN,9,39,福寶保護礁禁漁區,258,A,24°00'24,120°13'29,AB周圍,1000,120.2247222,24.00666667
TWN9_00040,TWN,9,40,福寶保護礁禁漁區,258,B,23°59'41,120°12'46,AB周圍,1000,120.2127778,23.99472222
TWN20_00001,TWN,20,1,貓鼻石人工魚礁禁漁區，以中心位置經緯度為中心，半徑500公尺範圍以內水域均屬之,261,A,23°38'42",119°28'36",半徑,500,119.4766667,23.645
TWN20_00002,TWN,20,2,西嶼人工魚礁禁漁區，以中心位置經緯度為中心，半徑500公尺範圍以內水域均屬之,262,A,23°36'00",119°32'00",半徑,500,119.5333333,23.6
TWN20_00003,TWN,20,3,鎖港人工魚礁禁漁區，以中心位置經緯度為中心，半徑500公尺範圍以內水域均屬之,263,A,23°31'42",119°37'06",半徑,500,119.6183333,23.52833333
TWN20_00004,TWN,20,4,香爐嶼人工魚礁禁漁區，以中心位置經緯度為中心，半徑500公尺範圍以內水域均屬之,264,A,23°32'30",119°38'24",半徑,500,119.64,23.54166667
TWN20_00005,TWN,20,5,七美人工魚礁禁漁區，以中心位置經緯度為中心，半徑500公尺範圍以內水域均屬之,265,A,23°10'54",119°25'48",半徑,500,119.43,23.18166667
TWN20_00006,TWN,20,6,後寮北人工魚礁禁漁區，以中心位置經緯度為中心，半徑500公尺範圍以內水域均屬之,266,A,23°41'00",119°32'18",半徑,500,119.5383333,23.68333333
TWN20_00007,TWN,20,7,虎井南人工魚礁禁漁區，以中心位置經緯度為中心，半徑500公尺範圍以內水域均屬之,267,A,23°28'30",119°31'30",半徑,500,119.525,23.475
TWN20_00008,TWN,20,8,澎南人工魚礁禁漁區，以A、B、C、D四點所連成之四方範圍並向外延伸1000公尺以內水域均屬之。,268,A,23°31'00",119°38'30",ABCD內，及向外1000m,1000,119.6416667,23.51666667
TWN20_00009,TWN,20,9,澎南人工魚礁禁漁區，以A、B、C、D四點所連成之四方範圍並向外延伸1000公尺以內水域均屬之。,268,B,23°30'30",119°38'30",ABCD內，及向外1000m,1000,119.6416667,23.50833333
TWN20_00010,TWN,20,10,澎南人工魚礁禁漁區，以A、B、C、D四點所連成之四方範圍並向外延伸1000公尺以內水域均屬之。,268,C,23°30'30",119°38'00",ABCD內，及向外1000m,1000,119.6333333,23.50833333
TWN20_00011,TWN,20,11,澎南人工魚礁禁漁區，以A、B、C、D四點所連成之四方範圍並向外延伸1000公尺以內水域均屬之。,268,D,23°31'00",119°38'00",ABCD內，及向外1000m,1000,119.6333333,23.51666667
TWN20_00012,TWN,20,12,望安人工魚礁禁漁區，以A、B、C、D四點所連成之四方範圍並向外延伸1000公尺以內水域均屬之。,269,A,23°20'24",119°31'42",ABCD內，及向外1000m,1000,119.5283333,23.34
TWN20_00013,TWN,20,13,望安人工魚礁禁漁區，以A、B、C、D四點所連成之四方範圍並向外延伸1000公尺以內水域均屬之。,269,B,23°19'54",119°31'42",ABCD內，及向外1000m,1000,119.5283333,23.33166667
TWN20_00014,TWN,20,14,望安人工魚礁禁漁區，以A、B、C、D四點所連成之四方範圍並向外延伸1000公尺以內水域均屬之。,269,C,23°19'54",119°31'12",ABCD內，及向外1000m,1000,119.52,23.33166667
TWN20_00015,TWN,20,15,望安人工魚礁禁漁區，以A、B、C、D四點所連成之四方範圍並向外延伸1000公尺以內水域均屬之。,269,D,23°20'24",119°31'12",ABCD內，及向外1000m,1000,119.52,23.34
TWN20_00016,TWN,20,16,錠鉤嶼人工魚礁禁漁區，以A、B、C、D四點所連成之四方範圍並向外延伸1000公尺以內水域均屬之。,270,A,23°36'32",119°41'40",ABCD內，及向外1000m,1000,119.6944444,23.60888889
TWN20_00017,TWN,20,17,錠鉤嶼人工魚礁禁漁區，以A、B、C、D四點所連成之四方範圍並向外延伸1000公尺以內水域均屬之。,270,B,23°36'11",119°41'40",ABCD內，及向外1000m,1000,119.6944444,23.60305556
TWN20_00018,TWN,20,18,錠鉤嶼人工魚礁禁漁區，以A、B、C、D四點所連成之四方範圍並向外延伸1000公尺以內水域均屬之。,270,C,23°36'11",119°42'03",ABCD內，及向外1000m,1000,119.7008333,23.60305556
TWN20_00019,TWN,20,19,錠鉤嶼人工魚礁禁漁區，以A、B、C、D四點所連成之四方範圍並向外延伸1000公尺以內水域均屬之。,270,D,23°36'32",119°42'03",ABCD內，及向外1000m,1000,119.7008333,23.60888889
TWN20_00020,TWN,20,20,大石鼻保護礁禁漁區，以A、B、C、D四點所連成之四方範圍並向外延伸1000公尺以內水域均屬之。,271,A,23°35'12",119°31'12",ABCD內，及向外1000m,1000,119.52,23.58666667
TWN20_00021,TWN,20,21,大石鼻保護礁禁漁區，以A、B、C、D四點所連成之四方範圍並向外延伸1000公尺以內水域均屬之。,271,B,23°36'12",119°32'00",ABCD內，及向外1000m,1000,119.5333333,23.60333333
TWN20_00022,TWN,20,22,大石鼻保護礁禁漁區，以A、B、C、D四點所連成之四方範圍並向外延伸1000公尺以內水域均屬之。,271,C,23°36'30",119°32'48",ABCD內，及向外1000m,1000,119.5466667,23.60833333
TWN20_00023,TWN,20,23,大石鼻保護礁禁漁區，以A、B、C、D四點所連成之四方範圍並向外延伸1000公尺以內水域均屬之。,271,D,23°36'24",119°35'00",ABCD內，及向外1000m,1000,119.5833333,23.60666667
TWN20_00024,TWN,20,24,內灣保護礁禁漁區，以A、B兩點所連成之標示直線周圍1000公尺以內之水域屬之,272,A,23°37'48",119°33'12",AB線左右,1000,119.5533333,23.63
TWN20_00025,TWN,20,25,內灣保護礁禁漁區，以A、B兩點所連成之標示直線周圍1000公尺以內之水域屬之,272,B,23°34'48",119°30'42",AB線左右,1000,119.5116667,23.58
TWN20_00026,TWN,20,26,內灣(二)保護礁禁漁區，以A、B兩點所連成之標示直線周圍1000公尺以內之水域屬之,273,A,23°37'06",119°32'42",AB線左右,1000,119.545,23.61833333
TWN20_00027,TWN,20,27,內灣(二)保護礁禁漁區，以A、B兩點所連成之標示直線周圍1000公尺以內之水域屬之,273,B,23°35'48",119°31'541',AB線左右,1000,119.6669444,23.59666667
TWN20_00028,TWN,20,28,內灣(三)保護礁禁漁區，以A、B兩點所連成之標示直線周圍1000公尺以內之水域屬之,274,A,23°34'54",119°32'36",AB線左右,1000,119.5433333,23.58166667
TWN20_00029,TWN,20,29,內灣(三)保護礁禁漁區，以A、B兩點所連成之標示直線周圍1000公尺以內之水域屬之,274,B,23°33'42",119°31'30",AB線左右,1000,119.525,23.56166667
TWN20_00030,TWN,20,30,內灣(四)保護礁禁漁區，以A、B兩點所連成之標示直線周圍1000公尺以內之水域屬之,275,A,23°36'34",119°31'54",AB線左右,1000,119.5316667,23.60944444
TWN20_00031,TWN,20,31,內灣(四)保護礁禁漁區，以A、B兩點所連成之標示直線周圍1000公尺以內之水域屬之,275,B,23°37'08",119°32'51",AB線左右,1000,119.5475,23.61888889
TWN20_00032,TWN,20,32,內灣(五)保護礁禁漁區，以A、B、C、D四點所連成之四方範圍並向外延伸1000公尺以內水域均屬之。,276,A,23°37'30",119°31'54",ABCD內，及向外1000m,1000,119.5316667,23.625
TWN20_00033,TWN,20,33,內灣(五)保護礁禁漁區，以A、B、C、D四點所連成之四方範圍並向外延伸1000公尺以內水域均屬之。,276,B,23°33'48",119°29'12",ABCD內，及向外1000m,1000,119.4866667,23.56333333
TWN20_00034,TWN,20,34,內灣(五)保護礁禁漁區，以A、B、C、D四點所連成之四方範圍並向外延伸1000公尺以內水域均屬之。,276,C,23°32'30",119°31'06",ABCD內，及向外1000m,1000,119.5183333,23.54166667
TWN20_00035,TWN,20,35,內灣(五)保護礁禁漁區，以A、B、C、D四點所連成之四方範圍並向外延伸1000公尺以內水域均屬之。,276,D,23°36'18",119°34'06",ABCD內，及向外1000m,1000,119.5683333,23.605
TWN20_00036,TWN,20,36,設置網具類漁具禁漁區，以A、B、C、D四點所連成之區域向外延伸500公尺以內。,278,A,23°36'54",119°41'66",ABCD內，及向外500m,500,119.7016667,23.615
TWN20_00037,TWN,20,37,設置網具類漁具禁漁區，以A、B、C、D四點所連成之區域向外延伸500公尺以內。,278,B,23°36'18",119°41'66",ABCD內，及向外500m,500,119.7016667,23.605
TWN20_00038,TWN,20,38,設置網具類漁具禁漁區，以A、B、C、D四點所連成之區域向外延伸500公尺以內。,278,C,23°36'18",119°42'05",ABCD內，及向外500m,500,119.7013889,23.605
TWN20_00039,TWN,20,39,設置網具類漁具禁漁區，以A、B、C、D四點所連成之區域向外延伸500公尺以內。,278,D,23°36'54",119°42'05",ABCD內，及向外500m,500,119.7013889,23.615
TWN20_00040,TWN,20,40,以中心位置經緯度為中心，半徑0.5浬範圍以內水域均屬之,279,A,23°10'38",119°26'43",半徑,926,119.4452778,23.17722222
TWN20_00041,TWN,20,41,以A、B、C、D四點所連成之四方範圍並向外延伸1000公尺以內水域均屬之。,280,A,23°36.6',119°31.4',ABCD內，及向外1000m,1000,119.5233333,23.61
TWN20_00042,TWN,20,42,以A、B、C、D四點所連成之四方範圍並向外延伸1000公尺以內水域均屬之。,280,B,23°36.2',119°31.4',ABCD內，及向外1000m,1000,119.5233333,23.60333333
TWN20_00043,TWN,20,43,以A、B、C、D四點所連成之四方範圍並向外延伸1000公尺以內水域均屬之。,280,C,23°36.6',119°31.8',ABCD內，及向外1000m,1000,119.53,23.61
TWN20_00044,TWN,20,44,以A、B、C、D四點所連成之四方範圍並向外延伸1000公尺以內水域均屬之。,280,D,23°36.2',119°31.8',ABCD內，及向外1000m,1000,119.53,23.60333333
TWN20_00045,TWN,20,45,桶盤、虎井海域，以A、B兩點及C、D兩點所連成兩條直線之間所涵蓋之水域範圍內均屬之。,281,A,23°30'34",119°30'50",ABCD內,n/a,119.5138889,23.50944444
TWN20_00046,TWN,20,46,桶盤、虎井海域，以A、B兩點及C、D兩點所連成兩條直線之間所涵蓋之水域範圍內均屬之。,281,B,23°29'30",119°30'35",ABCD內,n/a,119.5097222,23.49166667
TWN20_00047,TWN,20,47,桶盤、虎井海域，以A、B兩點及C、D兩點所連成兩條直線之間所涵蓋之水域範圍內均屬之。,281,C,23°3033",119°31'20",ABCD內,n/a,119.5222222,73.55
TWN20_00048,TWN,20,48,桶盤、虎井海域，以A、B兩點及C、D兩點所連成兩條直線之間所涵蓋之水域範圍內均屬之。,281,D,23°29'53",119°32'15",ABCD內,n/a,119.5375,23.49805556
TWN20_00049,TWN,20,49,內灣海域以AB兩點相連，及CD兩點相連之內灣水域範圍均屬之。,282,A,23°34.00',119°30.60',ABCD內,n/a,119.51,23.56666667
TWN20_00050,TWN,20,50,內灣海域以AB兩點相連，及CD兩點相連之內灣水域範圍均屬之。,282,B,23°33.23',119°32.88',ABCD內,n/a,119.548,23.55383333
TWN20_00051,TWN,20,51,內灣海域以AB兩點相連，及CD兩點相連之內灣水域範圍均屬之。,282,C,23°39.50',119°32.78',ABCD內,n/a,119.5463333,23.65833333
TWN20_00052,TWN,20,52,內灣海域以AB兩點相連，及CD兩點相連之內灣水域範圍均屬之。,282,D,23°38.50',119°32.16',ABCD內,n/a,119.536,23.64166667
TWN20_00053,TWN,20,53,以A、B兩點所連成之標示直線周圍1000公尺以內之水域屬之,283,A,23°34.654',119°29.197',AB線左右,1000,119.4866167,23.57756667
TWN20_00054,TWN,20,54,以A、B兩點所連成之標示直線周圍1000公尺以內之水域屬之,283,B,23°34.654',119°28.796',AB線左右,1000,119.4799333,23.57756667
TWN20_00055,TWN,20,55,內垵海域，以A、B兩點所連成直線以東之水域均屬之,284,A,23°35'41",119°28'55",AB線以東,1000,119.4819444,23.59472222
TWN20_00056,TWN,20,56,內垵海域，以A、B兩點所連成直線以東之水域均屬之,284,B,23°34'38",119°28'29",AB線以東,1000,119.4747222,23.57722222
